"","site_location_name","Grass","Shrub","Tree","vegetation_type"
"1","NSABBS0001",4.2,1.9,33.6,"Tree"
"2","NSABBS0002",5.3,18.9,25.7,"Tree"
"3","NSABBS0003",0,12.2,40,"Tree"
"4","NSABBS0004",0.1,2.4,60.4,"Tree"
"5","NSABBS0005",0,10.2,50.7,"Tree"
"6","NSABBS0006",0.2,5.3,59.4,"Tree"
"7","NSABHC0001",10.3,16.2,0,"Shrub"
"8","NSABHC0002",17.9,12.2,0,"Grass"
"9","NSABHC0003",1.9,23.4,0,"Shrub"
"10","NSABHC0004",22.8,14,0,"Grass"
"11","NSABHC0005",40.2,6.7,0,"Grass"
"12","NSABHC0006",32.9,17.6,0,"Grass"
"13","NSABHC0007",20.9,20.9,0,"Shrub"
"14","NSABHC0008",14.4,17.9,0,"Shrub"
"15","NSABHC0009",23.9,18.95,0.2,"Grass"
"16","NSABHC0010",5.8,9,0,"Shrub"
"17","NSABHC0011",15.4,18.6,0,"Shrub"
"18","NSABHC0012",21,15.05,0,"Grass"
"19","NSABHC0013",14.7,7.1,0,"Grass"
"20","NSABHC0014",16.8,9,0,"Grass"
"21","NSABHC0015",28.9,16.4,0,"Grass"
"22","NSABHC0016",3.1,8.2,0,"Shrub"
"23","NSABHC0017",18.4,3.8,0,"Grass"
"24","NSABHC0018",16.9,8.9,0,"Grass"
"25","NSABHC0019",25,11,0,"Grass"
"26","NSABHC0020",25.5,5.4,0,"Grass"
"27","NSABHC0021",20.3,1.6,0,"Grass"
"28","NSABHC0022",2.6,10.9,0,"Shrub"
"29","NSABHC0023",12.9,5,0,"Grass"
"30","NSABHC0024",19.2,2.9,0,"Grass"
"31","NSABHC0025",21.5,1.8,0,"Grass"
"32","NSABHC0026",22.2,7.2,0,"Grass"
"33","NSABHC0028",2.7,5,9.8,"Tree"
"34","NSABHC0029",4.3,0.7,68,"Tree"
"35","NSACHC0001",0.9,5.3,0,"Shrub"
"36","NSACHC0002",1.1,8.7,15,"Tree"
"37","NSACHC0003",0.9,5.2,15.7,"Tree"
"38","NSACHC0004",0.4,23.2,0.9,"Shrub"
"39","NSACOP0001",1.1,0,12.2,"Tree"
"40","NSACOP0002",0.2,0.2,30.1,"Tree"
"41","NSAMDD0001",37.1,9,0,"Grass"
"42","NSAMDD0002",11.3,1.7,42.7,"Tree"
"43","NSAMDD0003",2.8,50.9,0.6,"Shrub"
"44","NSAMDD0004",10.9,16.6,10.6,"Shrub"
"45","NSAMDD0005",3.1,4.2,24.7,"Tree"
"46","NSAMDD0006",1.2,23.6,11.8,"Shrub"
"47","NSAMDD0007",6.4,19.2,13.7,"Shrub"
"48","NSAMDD0008",0.6,28,2.9,"Shrub"
"49","NSAMDD0009",0,2.4,29.9,"Tree"
"50","NSAMDD0010",30.4,22.7,0.3,"Grass"
"51","NSAMDD0011",11.5,1.2,15,"Tree"
"52","NSAMDD0012",0,7.5,0,"Shrub"
"53","NSAMDD0013",9.4,11.2,11.5,"Tree"
"54","NSAMDD0014",24.8,2.3,23.8,"Grass"
"55","NSAMDD0015",0,5.4,24.7,"Tree"
"56","NSAMDD0016",25.7,10.7,0,"Grass"
"57","NSAMDD0017",1.2,6.4,22.7,"Tree"
"58","NSAMDD0018",0.7,16.5,29.6,"Tree"
"59","NSAMDD0019",33.3,0.3,1,"Grass"
"60","NSAMDD0020",7.8,3.2,25.9,"Tree"
"61","NSAMDD0021",15,3.4,10.6,"Grass"
"62","NSAMDD0022",0.2,42.5,17.6,"Shrub"
"63","NSAMDD0023",18,7.2,13,"Grass"
"64","NSAMDD0024",9.7,23.9,1,"Shrub"
"65","NSAMDD0025",7.8,2.3,16,"Tree"
"66","NSAMDD0026",15.8,7.5,0,"Grass"
"67","NSAMDD0027",0.7,2.4,29.1,"Tree"
"68","NSAMDD0028",1.4,25.9,0,"Shrub"
"69","NSAMDD0029",10.4,15.6,0,"Shrub"
"70","NSAMDD0030",2.3,8.5,18,"Tree"
"71","NSAMDD0031",0.5,19.6,11.7,"Shrub"
"72","NSAMDD0032",3.5,2.4,31.5,"Tree"
"73","NSAMUL0001",0,24,0.3,"Shrub"
"74","NSAMUL0002",1.8,15.5,19.2,"Tree"
"75","NSAMUL0003",0.4,6.2,16.3,"Tree"
"76","NSAMUL0004",0.2,0.4,40.9,"Tree"
"77","NSANAN0001",14.9,2.6,61.9,"Tree"
"78","NSANAN0002",3,1.6,46.8,"Tree"
"79","NSANET0001",3.9,11.2,44.8,"Tree"
"80","NSANET0002",13.2,0,64.5,"Tree"
"81","NSANET0003",3.9,2.8,65.3,"Tree"
"82","NSANET0004",8.2,0.4,55.7,"Tree"
"83","NSANSS0001",13,0.7,58.4,"Tree"
"84","NSANSS0002",2.2,1.8,57.8,"Tree"
"85","NSTNSS0001",3.7,2.8,50.9,"Tree"
"86","NSTSYB0001",6.6,37.9,38.9,"Tree"
"87","NSTSYB0002",3.1,21.8,64.5,"Tree"
"88","NSTSYB0003",2.5,25.7,57.1,"Tree"
"89","NSTSYB0004",4.1,13.7,71.3,"Tree"
"90","NSTSYB0005",9.9,24.3,49.2,"Tree"
"91","NSTSYB0006",1.1,17.4,55.2,"Tree"
"92","NSTSYB0007",16.5,8.7,56.2,"Tree"
"93","NSTSYB0008",13.7,1.2,55.3,"Tree"
"94","NSTSYB0009",16.9,35.3,26.7,"Shrub"
"95","NTAARP0001",21.3,3.1,44.8,"Tree"
"96","NTAARP0002",21.6,5.1,23.7,"Tree"
"97","NTAARP0003",6.3,3.5,19.4,"Tree"
"98","NTAARP0004",27.35,14.1,26.55,"Grass"
"99","NTAARP0005",21.15,14.55,40.45,"Tree"
"100","NTABRT0001",13.2,26.65,8.35,"Shrub"
"101","NTABRT0002",10.3,33.2,12,"Shrub"
"102","NTABRT0003",22.65,19.8,11.2,"Grass"
"103","NTABRT0004",14.65,29.7,0,"Shrub"
"104","NTABRT0005",35.35,1.65,1.15,"Grass"
"105","NTABRT0006",16.25,32.6,1.05,"Shrub"
"106","NTABRT0007",35.7,1,0.3,"Grass"
"107","NTABRT0008",8.8,17,0,"Shrub"
"108","NTADAC0001",50.9,11.2,29.6,"Grass"
"109","NTADAC0002",24.1,15.7,26.6,"Tree"
"110","NTADMR0001",20.3,4.4,0.1,"Grass"
"111","NTADMR0002",23.9,2.9,0.4,"Grass"
"112","NTAFIN0001",15.4333333333333,1.86666666666667,0.166666666666667,"Grass"
"113","NTAFIN0002",29.9666666666667,12.7,13.3,"Grass"
"114","NTAFIN0003",7.93333333333333,3.43333333333333,13.3666666666667,"Tree"
"115","NTAFIN0004",8.76666666666667,33.5333333333333,6.1,"Shrub"
"116","NTAFIN0005",11.2333333333333,10.6666666666667,2.66666666666667,"Grass"
"117","NTAFIN0006",11.9,1.63333333333333,0.166666666666667,"Grass"
"118","NTAFIN0007",10.5,3.73333333333333,0.1,"Grass"
"119","NTAFIN0008",28.7333333333333,2.66666666666667,0,"Grass"
"120","NTAFIN0009",9.36666666666667,14.0333333333333,2.73333333333333,"Shrub"
"121","NTAFIN0010",17.0333333333333,5.43333333333333,0.1,"Grass"
"122","NTAFIN0011",22.9666666666667,16.7,1.23333333333333,"Grass"
"123","NTAFIN0012",39.4,6.2,0,"Grass"
"124","NTAFIN0013",5,8.1,23.9,"Tree"
"125","NTAFIN0014",34.6,2.1,6.7,"Grass"
"126","NTAFIN0015",5.8,2.5,31.1,"Tree"
"127","NTAFIN0016",25.6,4,0,"Grass"
"128","NTAFIN0017",20.5,0,12.2,"Grass"
"129","NTAFIN0018",8.6,23.3,0.1,"Shrub"
"130","NTAFIN0019",36.4,3.2,11.2,"Grass"
"131","NTAFIN0020",41.9,0.2,7.4,"Grass"
"132","NTAFIN0021",7.8,4.4,0,"Grass"
"133","NTAFIN0022",8.5,16.7,0,"Shrub"
"134","NTAFIN0023",24.4,5.4,10.1,"Grass"
"135","NTAFIN0024",1,10.5,12.9,"Tree"
"136","NTAFIN0025",19.6,14,0,"Grass"
"137","NTAFIN0026",23.7,20.1,0.2,"Grass"
"138","NTAFIN0027",42.1,0.7,0,"Grass"
"139","NTAFIN0028",7.2,7.5,0,"Shrub"
"140","NTAFIN0029",20.8,2.3,0,"Grass"
"141","NTAFIN0030",5.9,41.6,0,"Shrub"
"142","NTAFIN0031",4.3,13.4,0,"Shrub"
"143","NTAFIN0032",21.3,23,0,"Shrub"
"144","NTAFIN0033",22.4,13.2,2.7,"Grass"
"145","NTAGFU0001",36.4,8.8,6.6,"Grass"
"146","NTAGFU0002",36.2,1.8,9.4,"Grass"
"147","NTAGFU0003",21.8,0.3,24.3,"Tree"
"148","NTAGFU0004",26.3,2.7,0.4,"Grass"
"149","NTAGFU0005",29,14.5,14,"Grass"
"150","NTAGFU0006",64.9,2.5,6.3,"Grass"
"151","NTAGFU0007",39.8,4.4,0,"Grass"
"152","NTAGFU0008",34.7,0.1,1.9,"Grass"
"153","NTAGFU0009",26.9,7.7,12.9,"Grass"
"154","NTAGFU0010",34,0,18.7,"Grass"
"155","NTAGFU0011",39.7,13.3,8.6,"Grass"
"156","NTAGFU0012",29.3,1.5,17.9,"Grass"
"157","NTAGFU0013",35.8,25.2,2.2,"Grass"
"158","NTAGFU0014",20,1.5,13.2,"Grass"
"159","NTAGFU0015",40.6,9.7,8.8,"Grass"
"160","NTAGFU0016",35.8,18.7,0.8,"Grass"
"161","NTAGFU0017",37.9,28.6,4.6,"Grass"
"162","NTAGFU0018",22.6,0,37.7,"Tree"
"163","NTAGFU0019",39.4,8.6,11.6,"Grass"
"164","NTAGFU0020",39.1,35.3,0.8,"Grass"
"165","NTAGFU0021",25.7,23.9,5.9,"Grass"
"166","NTAGFU0022",32.6,0.1,13.4,"Grass"
"167","NTAGFU0023",19.1,43.9,0.9,"Shrub"
"168","NTAGFU0024",29.8,13.2,4.6,"Grass"
"169","NTAGFU0025",23.5,54,0.4,"Shrub"
"170","NTAGFU0026",47.6,1.9,17.1,"Grass"
"171","NTAGFU0027",29.5,17.4,8,"Grass"
"172","NTAGFU0028",29.7,8.7,13.3,"Grass"
"173","NTAGFU0029",54.4,1.6,12.5,"Grass"
"174","NTAGFU0030",16.5,2.2,48.8,"Tree"
"175","NTAGFU0031",21.1,29.2,2,"Shrub"
"176","NTAGFU0032",30.1,15.6,0.2,"Grass"
"177","NTAGFU0033",2,1.2,68.8,"Tree"
"178","NTAGFU0034",8.6,14.9,20.1,"Tree"
"179","NTAGFU0035",18.5,4.6,18.4,"Grass"
"180","NTAGFU0036",13,1.4,41.1,"Tree"
"181","NTAGFU0037",35.6,12.9,17.6,"Grass"
"182","NTAGFU0038",12.6,2.3,49.9,"Tree"
"183","NTAGFU0039",58.3,4.2,10.6,"Grass"
"184","NTAGFU0040",15.4,35,24.1,"Shrub"
"185","NTAGFU0041",45.8,2.8,23.7,"Grass"
"186","NTAMAC0001",24.95,12.85,1.4,"Grass"
"187","NTAMAC0002",6.85,0.7,18.9,"Tree"
"188","NTAMAC0003",39.15,3.35,1.2,"Grass"
"189","NTAMGD0001",18.9,12.2,14.8,"Grass"
"190","NTAMGD0002",33.8,0.4,0,"Grass"
"191","NTAMGD0003",25.3,7.4,8,"Grass"
"192","NTAMGD0004",40.7,4.2,3.7,"Grass"
"193","NTAMGD0005",22.9,22.1,6.3,"Grass"
"194","NTAPCK0001",22.3,25.1,25.8,"Tree"
"195","NTAPCK0002",27.8,8.9,25.1,"Grass"
"196","NTAPCK0003",35.85,11.55,34.2,"Grass"
"197","NTAPCK0004",40.6,9.7,30.95,"Grass"
"198","NTAPCK0005",3.1,5.1,17.6,"Tree"
"199","NTAPCK0006",55.65,12.4,9.45,"Grass"
"200","NTAPCK0007",39.65,11.15,31.45,"Grass"
"201","NTAPCK1009",50.2,18.9,14.6,"Grass"
"202","NTAPCK1010",22.7,23.1,28.1,"Tree"
"203","NTAPCK1011",24.6,11.2,34.8,"Tree"
"204","NTAPCK1012",17.6,12.9,44.1,"Tree"
"205","NTAPCK2013",26.6,13.3,41.9,"Tree"
"206","NTAPCK2014",40.7,11.7,30.4,"Grass"
"207","NTASSD0001",31.5,12.7,0,"Grass"
"208","NTASSD0003",19.6,13.1,0,"Grass"
"209","NTASSD0004",15.2,16.7,0,"Shrub"
"210","NTASSD0005",16.5,4,0,"Grass"
"211","NTASSD0006",15.2,1,0,"Grass"
"212","NTASSD0007",20.2,1.6,0,"Grass"
"213","NTASSD0008",16,7.1,0,"Grass"
"214","NTASSD0009",18.8,3.8,0,"Grass"
"215","NTASSD0010",20.3,2.6,0,"Grass"
"216","NTASSD0011",1.2,0.1,0,"Grass"
"217","NTASSD0012",6.7,0.1,0,"Grass"
"218","NTASSD0013",1,1.2,0,"Shrub"
"219","NTASSD0014",5,3.5,0,"Grass"
"220","NTASSD0015",7.4,5.3,1.3,"Grass"
"221","NTASSD0016",1.8,1.7,0,"Grass"
"222","NTASSD0017",2.1,8.1,0,"Shrub"
"223","NTASSD0018",5.8,0,0,"Grass"
"224","NTASSD0019",2.2,5.3,1.4,"Shrub"
"225","NTASTU0001",14.8,1.5,14.2,"Grass"
"226","NTASTU0002",26.5,2.4,19.8,"Grass"
"227","NTASTU0003",45,4.2,18,"Grass"
"228","NTASTU0004",49.5,5.5,19.3,"Grass"
"229","NTASTU0005",28.3,6.3,21.5,"Grass"
"230","NTATAN0001",10.7,34,1,"Shrub"
"231","NTATAN0002",17.6,29.7,1.2,"Shrub"
"232","NTATAN0003",27.5,5,0.8,"Grass"
"233","NTATAN0004",24.5,1.8,0.7,"Grass"
"234","NTTDAB0001",10.6,17.3,31.7,"Tree"
"235","NTTDAC0001",26.2,13.9,37.7,"Tree"
"236","NTTDMR0001",31.5,15,3.9,"Grass"
"237","NTTDMR0002",39.6,2.9,7,"Grass"
"238","NTTDMR0003",43,4.8,4.4,"Grass"
"239","NTTMGD0001",37.1,2.7,9.9,"Grass"
"240","NTTPCK0001",24.8,12.9,46.8,"Tree"
"241","NTTSTU0001",22.8,2.5,50,"Tree"
"242","QDABBN0001",5.4,26.2,33.7,"Tree"
"243","QDABBN0002",7.3,6.5,42.8,"Tree"
"244","QDABBS0001",82.5,0.8,0,"Grass"
"245","QDABBS0002",51.5,7.9,0,"Grass"
"246","QDABBS0003",17.4,7.9,53.1,"Tree"
"247","QDABBS0004",32.8,4.3,29,"Grass"
"248","QDABBS0005",27.9,2.5,31.1,"Tree"
"249","QDABBS0006",45.4,0.7,21.6,"Grass"
"250","QDABBS0007",26.7,5.3,14.7,"Grass"
"251","QDABBS0008",56.8,11.1,9,"Grass"
"252","QDABBS0009",22,8.4,38.7,"Tree"
"253","QDABBS0010",14.5,34.7,38.7,"Tree"
"254","QDACHC0001",2,1.3,7.5,"Tree"
"255","QDACHC0002",0.1,8,10.9,"Tree"
"256","QDACHC0003",5.3,2.4,10.6,"Tree"
"257","QDACHC0004",13.1,3.4,7.6,"Grass"
"258","QDACHC0005",7.1,0.8,1,"Grass"
"259","QDACHC0006",9.8,4.2,0,"Grass"
"260","QDACHC0007",7,4.2,0,"Grass"
"261","QDACYP0001",0.9,62.3,0.5,"Shrub"
"262","QDACYP0002",13.8,54.2,1.1,"Shrub"
"263","QDACYP0003",14.4,69.9,0.7,"Shrub"
"264","QDACYP0004",29.5,6.8,26,"Grass"
"265","QDACYP0005",36.9,6.2,28.4,"Grass"
"266","QDACYP0006",37.1,7.3,27.4,"Grass"
"267","QDACYP0007",31.1,8.9,41.6,"Tree"
"268","QDACYP0008",16.9,15.9,29.9,"Tree"
"269","QDACYP0009",38.6,4.7,32.6,"Grass"
"270","QDACYP0010",86.3,3,0.2,"Grass"
"271","QDACYP0011",42.5,4.1,30.5,"Grass"
"272","QDACYP0012",0.3,21.5,72.3,"Tree"
"273","QDACYP0013",39.8,3.1,31.5,"Grass"
"274","QDACYP0014",40.7,3.9,35.6,"Grass"
"275","QDACYP0015",42.6,0.4,24.8,"Grass"
"276","QDACYP0016",7.5,18.1,54.1,"Tree"
"277","QDACYP0017",15.4,38.8,21.8,"Shrub"
"278","QDACYP0018",9.8,30.6,33.8,"Tree"
"279","QDACYP0019",26.7,36.1,4.7,"Shrub"
"280","QDACYP0020",8,20.4,39.3,"Tree"
"281","QDACYP0021",16.8,7.7,48.3,"Tree"
"282","QDACYP0022",29.8,5,37.2,"Tree"
"283","QDACYP0023",28.9,4,41.5,"Tree"
"284","QDACYP0024",19.2,3.1,48.4,"Tree"
"285","QDADEU0001",67,0.8,4.5,"Grass"
"286","QDADEU0002",57.4,0.9,3.5,"Grass"
"287","QDADEU0003",17.3,24.9,17.5,"Shrub"
"288","QDADEU0004",25.6,24.1,14.7,"Grass"
"289","QDADEU0005",33.6,18.9,4.8,"Grass"
"290","QDADEU0006",25.6,12.7,14.9,"Grass"
"291","QDAEIU0001",56.3,0.4,0,"Grass"
"292","QDAEIU0002",46.2,0.1,7.6,"Grass"
"293","QDAEIU0003",64.85,1.05,7.15,"Grass"
"294","QDAEIU0004",69.5,0.2,10.3,"Grass"
"295","QDAEIU0005",6.2,0,0.3,"Grass"
"296","QDAEIU0006",13.1,4.25,45.35,"Tree"
"297","QDAEIU0007",11.95,5.5,42,"Tree"
"298","QDAEIU0008",32.6,28.7,6.3,"Grass"
"299","QDAEIU0009",70.9,5.2,3.5,"Grass"
"300","QDAEIU0010",23,13.4,27.9,"Tree"
"301","QDAGUP0001",12.4,19.7,11.9,"Shrub"
"302","QDAGUP0002",8.1,6.7,16.2,"Tree"
"303","QDAGUP0003",6.2,8.5,17.4,"Tree"
"304","QDAGUP0004",2.9,5,13.4,"Tree"
"305","QDAGUP0005",0.2,16.8,24.4,"Tree"
"306","QDAGUP0006",0.2,10.6,12.2,"Tree"
"307","QDAGUP0007",42.4,0.2,0,"Grass"
"308","QDAGUP0008",15.2,15.7,12.4,"Shrub"
"309","QDAGUP0009",47.2,0.4,0.4,"Grass"
"310","QDAGUP0010",4.2,19.7,3.1,"Shrub"
"311","QDAGUP0011",19,11.3,19.1,"Tree"
"312","QDAGUP0012",20.9,1.8,2.6,"Grass"
"313","QDAGUP0013",24.3,0.2,0.2,"Grass"
"314","QDAGUP0014",47.5,0,0,"Grass"
"315","QDAGUP0015",62,1,0,"Grass"
"316","QDAGUP0016",40.4,3.2,9,"Grass"
"317","QDAGUP0017",39.1,5.9,0,"Grass"
"318","QDAGUP0018",25.2,5.8,21.3,"Grass"
"319","QDAGUP0019",18.8,10.5,0,"Grass"
"320","QDAGUP0020",48.2,8.3,0,"Grass"
"321","QDAGUP0021",3.9,13.8,18.6,"Tree"
"322","QDAGUP0022",21.7,13.3,0,"Grass"
"323","QDAGUP0023",58.2,0,0,"Grass"
"324","QDAGUP0024",9.6,8.5,0,"Grass"
"325","QDAGUP0025",25,6.1,13.3,"Grass"
"326","QDAGUP0026",36.2,6,4.8,"Grass"
"327","QDAGUP0027",0.2,7.9,47.6,"Tree"
"328","QDAGUP0028",0.9,23.1,25.6,"Tree"
"329","QDAGUP0029",50.5,4.45,6.25,"Grass"
"330","QDAGUP0030",18.6,7,7.4,"Grass"
"331","QDAGUP0031",46.55,3,12.15,"Grass"
"332","QDAGUP0032",77.1,4,16.9,"Grass"
"333","QDAMGD0001",31.5,1,0,"Grass"
"334","QDAMGD0002",20.4,3.7,13.8,"Grass"
"335","QDAMGD0003",40.8,0,0,"Grass"
"336","QDAMGD0004",10.9,6.4,9.2,"Grass"
"337","QDAMGD0005",22.3,3.9,12.6,"Grass"
"338","QDAMGD0006",24.3,0,0,"Grass"
"339","QDAMGD0007",25.3,0.5,0.8,"Grass"
"340","QDAMGD0008",20.9,0,0,"Grass"
"341","QDAMGD0009",7.1,2.5,0,"Grass"
"342","QDAMGD0010",7.7,12,13.4,"Tree"
"343","QDAMGD0011",13.8,0.3,0,"Grass"
"344","QDAMGD0012",1.8,16.6,4.1,"Shrub"
"345","QDAMGD0013",13.5,0.2,0,"Grass"
"346","QDAMGD0014",14.3,0,0,"Grass"
"347","QDAMGD0015",3.4,1.8,9.2,"Tree"
"348","QDAMGD0016",7,2.9,8.4,"Tree"
"349","QDAMGD0017",19.9,0.1,0,"Grass"
"350","QDAMGD0018",37.6,0,0,"Grass"
"351","QDAMGD0019",18.7,0,0,"Grass"
"352","QDAMGD0020",5.3,0.4,16.4,"Tree"
"353","QDAMGD0021",18.1,0,0,"Grass"
"354","QDAMGD0022",16.8,0.3,0,"Grass"
"355","QDAMGD0023",32.4,6.8,14.9,"Grass"
"356","QDAMGD0024",5.9,0.4,1.2,"Grass"
"357","QDAMGD0025",0.5,4.9,22.4,"Tree"
"358","QDAMGD0026",1,4,16.1,"Tree"
"359","QDAMGD0027",31,2,0.1,"Grass"
"360","QDAMGD0028",39.7,0.6,0,"Grass"
"361","QDAMII0001",4.7,2.4,2,"Grass"
"362","QDAMII0002",20.1,3.3,3.3,"Grass"
"363","QDAMUL0001",0.9,15.3,43.7,"Tree"
"364","QDAMUL0002",0,0,48.8,"Tree"
"365","QDAMUL0003",2.8,6.1,44.6,"Tree"
"366","QDASEQ0001",5.1,2.9,81.4,"Tree"
"367","QDASEQ0002",93.8,2.6,0,"Grass"
"368","QDASEQ0003",5,2.4,80.6,"Tree"
"369","QDASEQ0004",5.1,6.2,72.4,"Tree"
"370","QDASSD0001",41.475,2.175,0.3,"Grass"
"371","QDASSD0002",24.05,5.625,2.425,"Grass"
"372","QDASSD0003",20.65,6.35,6.85,"Grass"
"373","QDASSD0004",49.925,2.4,0,"Grass"
"374","QDASSD0005",8.96666666666667,10.5333333333333,9.36666666666667,"Shrub"
"375","QDASSD0006",29.75,6,0,"Grass"
"376","QDASSD0007",15.575,4.55,10.725,"Grass"
"377","QDASSD0008",37.5,10.1666666666667,0.0333333333333333,"Grass"
"378","QDASSD0009",32.875,1.75,20.05,"Grass"
"379","QDASSD0010",17.0666666666667,8.2,8.53333333333333,"Grass"
"380","QDASSD0011",6.1,4.475,9.025,"Tree"
"381","QDASSD0012",22.35,10.375,1.3,"Grass"
"382","QDASSD0013",12.65,11.9,4.1,"Grass"
"383","QDASSD0014",26.45,4.575,1.6,"Grass"
"384","QDASSD0015",20.9333333333333,8.5,0.8,"Grass"
"385","SAABHC0001",0.25,23.4,0.2,"Shrub"
"386","SAABHC0002",0.05,15.05,4.8,"Shrub"
"387","SAABHC0003",5,8.6,0,"Shrub"
"388","SAABHC0004",0,21.35,23.3,"Tree"
"389","SAABHC0005",0.1,9.4,0,"Shrub"
"390","SAABHC0006",0.1,7.4,0,"Shrub"
"391","SAACHC0003",11.4,7,0,"Grass"
"392","SAACHC0004",16.4,3.3,0,"Grass"
"393","SAACHC0005",1.6,5,6.8,"Tree"
"394","SAACHC0006",3.7,3.7,8.1,"Tree"
"395","SAACHC0008",5.5,10,2.6,"Shrub"
"396","SAACHC0009",7.7,11.8,4.3,"Shrub"
"397","SAACHC0010",5.1,15.4,1.3,"Shrub"
"398","SAACHC0011",4.2,18.7,1.9,"Shrub"
"399","SAACHC0012",13.1,9.2,0,"Grass"
"400","SAACHC0014",13.3,11.4,0.3,"Grass"
"401","SAAEYB0001",33.7,39,0,"Shrub"
"402","SAAEYB0002",12.2,32.8,15.9,"Shrub"
"403","SAAEYB0003",9.3,30.9,44.4,"Tree"
"404","SAAEYB0004",2.4,41.2,35.6,"Shrub"
"405","SAAEYB0005",7,28.1,38.9,"Tree"
"406","SAAEYB0006",1,39.8,43.4,"Tree"
"407","SAAEYB0007",5.2,32.4,33.9,"Tree"
"408","SAAEYB0008",4.1,48.1,27.1,"Shrub"
"409","SAAEYB0009",2.3,29.9,33.6,"Tree"
"410","SAAEYB0010",4.8,44.9,32.6,"Shrub"
"411","SAAEYB0011",1.1,40.4,49,"Tree"
"412","SAAEYB0012",8.7,40.6,31.3,"Shrub"
"413","SAAEYB0013",0.6,55.9,29.6,"Shrub"
"414","SAAEYB0015",4.5,37.8,35,"Shrub"
"415","SAAEYB0016",1.4,13.8,59.8,"Tree"
"416","SAAEYB0021",17.1,38.9,0,"Shrub"
"417","SAAEYB0022",3.7,43.2,6.1,"Shrub"
"418","SAAEYB0023",5.9,34.4,0.6,"Shrub"
"419","SAAEYB0024",11.8,45.9,0,"Shrub"
"420","SAAEYB0025",17.6,45.1,2.8,"Shrub"
"421","SAAEYB0026",13.6,49.4,0.6,"Shrub"
"422","SAAEYB0027",5.1,65,0,"Shrub"
"423","SAAEYB0028",6.1,13.1,0,"Shrub"
"424","SAAEYB0029",13.3,5.4,0,"Grass"
"425","SAAEYB0030",0.8,22.5,13.1,"Shrub"
"426","SAAEYB0031",0,25.1,5.7,"Shrub"
"427","SAAEYB0032",16.5,6.2,5.8,"Grass"
"428","SAAEYB0033",0.1,4.7,25.4,"Tree"
"429","SAAEYB0035",4.9,16,25.5,"Tree"
"430","SAAEYB0036",3.7,18.4,0,"Shrub"
"431","SAAFLB0003",26.95,2.3,45.6,"Tree"
"432","SAAFLB0004",18.3,7.1,36.1,"Tree"
"433","SAAFLB0005",8.1,44.4,0,"Shrub"
"434","SAAFLB0006",1.4,60.5,21.1,"Shrub"
"435","SAAFLB0007",12.1,8.8,0,"Grass"
"436","SAAFLB0008",1.6,16.4,19.6,"Tree"
"437","SAAFLB0030",11.1,7.65,0,"Grass"
"438","SAAFLB0031",4.6,6.55,0,"Shrub"
"439","SAAGAW0001",0.2,17.6,16.2,"Shrub"
"440","SAAGAW0002",2.7,21.5,0.3,"Shrub"
"441","SAAGAW0003",0,23,10.3,"Shrub"
"442","SAAGAW0004",2.4,7.2,7.6,"Tree"
"443","SAAGAW0005",0.4,23.4,1.2,"Shrub"
"444","SAAGAW0006",5.2,12.6,2.8,"Shrub"
"445","SAAGAW0007",1.1,13.6,4.9,"Shrub"
"446","SAAGAW0008",3.2,13.7,0,"Shrub"
"447","SAAGVD0001",14.3,13.9,0,"Grass"
"448","SAAGVD0002",20.2,11.2,0,"Grass"
"449","SAAGVD0003",61.5,7.3,0,"Grass"
"450","SAAGVD0004",5,16.1,1.6,"Shrub"
"451","SAAKAN0001",5.55,18.95,51.55,"Tree"
"452","SAAKAN0002",11.2,48.2,21.5,"Shrub"
"453","SAAKAN0003",7.4,12.15,34.7,"Tree"
"454","SAAKAN0004",0.45,40.2,20.8,"Shrub"
"455","SAAKAN0005",5.55,43.45,10.85,"Shrub"
"456","SAAKAN0006",8.6,24.45,12.1,"Shrub"
"457","SAAKAN0007",14.1,42.25,8.9,"Shrub"
"458","SAAKAN0008",5.55,67.9,14.55,"Shrub"
"459","SAAKAN0009",2.9,62.65,14.65,"Shrub"
"460","SAAKAN0010",3.7,43.35,24.8,"Shrub"
"461","SAAKAN0011",4.65,18.5,59.55,"Tree"
"462","SAAKAN0012",1.25,86.4,0,"Shrub"
"463","SAAKAN0013",1.4,15.7,64.8,"Tree"
"464","SAAMDD0007",22.35,10.4,0,"Grass"
"465","SAAMDD0008",0.3,2.95,42.2,"Tree"
"466","SAAMDD0009",19,9.65,10.45,"Grass"
"467","SAAMDD0010",8.65,10.25,32.4,"Tree"
"468","SAAMDD0011",4.85,25.95,1.75,"Shrub"
"469","SAANUL0001",10.8,14.1,0,"Shrub"
"470","SAANUL0002",5.5,22.1,2.8,"Shrub"
"471","SAANUL0003",24.2,12.1,0,"Grass"
"472","SAANUL0004",13.9,15.1,0,"Shrub"
"473","SAANUL0005",25.8,0.1,0,"Grass"
"474","SAARIV0001",3.43333333333333,6.3,65.1,"Tree"
"475","SAARIV0002",4.05,8.65,63.8,"Tree"
"476","SAARIV0003",3.75,21.3,35,"Tree"
"477","SAARIV0004",37.6666666666667,14.8666666666667,15.2666666666667,"Grass"
"478","SAARIV0005",42.85,3.7,33.6,"Grass"
"479","SAARIV0006",45.7333333333333,14.8,13.2,"Grass"
"480","SAARIV0007",0,62.5,14.75,"Shrub"
"481","SAARIV0008",0.3,34.8,14.2,"Shrub"
"482","SAARIV0009",0.8,22.7,12.8,"Shrub"
"483","SAARIV0010",6.7,2.4,38.4,"Tree"
"484","SAASTP0001",11,12.8,0,"Shrub"
"485","SAASTP0002",22,6.8,0.3,"Grass"
"486","SAASTP0003",8.1,8.4,0,"Shrub"
"487","SAASTP0004",19.8,6.5,0.1,"Grass"
"488","SAASTP0005",24.5,12.7,0.2,"Grass"
"489","SAASTP0006",53.5,9.9,0,"Grass"
"490","SAASTP0007",12.6,16.6,0,"Shrub"
"491","SAASTP0008",5.1,6.8,0,"Shrub"
"492","SAASTP0009",6.4,44,0,"Shrub"
"493","SAASTP0010",3.9,8.4,0,"Shrub"
"494","SAASTP0011",9.3,1.2,0,"Grass"
"495","SAASTP0012",14.8,5.7,0,"Grass"
"496","SAASTP0013",12.9,6.2,0,"Grass"
"497","SAASTP0014",2,3,0,"Shrub"
"498","SAASTP0015",4.6,4.5,0,"Grass"
"499","SAASTP0016",7.8,36.9,0,"Shrub"
"500","SAASTP0017",10.6,38.4,0,"Shrub"
"501","SAASTP0018",12.6,8.5,0,"Grass"
"502","SAASTP0019",7.3,9.8,0,"Shrub"
"503","SAASTP0020",9,5.4,0,"Grass"
"504","SAASTP0021",3.4,5.3,0,"Shrub"
"505","SAASTP0022",12.2,18.4,0,"Shrub"
"506","SAASTP0023",12.1,15,0,"Shrub"
"507","SAASTP0024",0.3,5.6,0,"Shrub"
"508","SAASTP0025",1.5,3.2,0,"Shrub"
"509","SAASTP0026",1.1,4.4,0,"Shrub"
"510","SAASTP0027",2,4.1,0,"Shrub"
"511","SAASTP0028",1.1,1.2,0,"Shrub"
"512","SAASTP0029",1.7,8.8,0,"Shrub"
"513","SAASTP0030",11.9,4.7,0.2,"Grass"
"514","SAASTP0031",11.7,3.2,0,"Grass"
"515","SAASTP0032",16.3,3.9,0,"Grass"
"516","SAASTP0033",1.5,5.6,0,"Shrub"
"517","SAASTP0034",1.1,20.6,0,"Shrub"
"518","SASMDD0001",12.9,10.45,14.9,"Tree"
"519","SASMDD0002",2.4,7.3,33.3,"Tree"
"520","SASMDD0003",14.7,6.9,8.4,"Grass"
"521","SASMDD0004",7.75,15.1,0,"Shrub"
"522","SASMDD0005",19.8,13.3,0,"Grass"
"523","SASMDD0006",4.96666666666667,14.6666666666667,10.7666666666667,"Shrub"
"524","SASMDD0008",0.55,3.45,33,"Tree"
"525","SASMDD0009",5.9,18.9,2.2,"Shrub"
"526","SASMDD0011",11.55,16.7,0,"Shrub"
"527","SASMDD0012",1.9,3.3,29.7,"Tree"
"528","SASMDD0013",15.8,4.5,5.7,"Grass"
"529","SASMDD0014",0.9,16.7,2.2,"Shrub"
"530","SASMDD0016",3.1,4.6,28.5,"Tree"
"531","SASMDD0017",16.45,1.75,25.75,"Tree"
"532","SASMDD0018",5.5,15,5.4,"Shrub"
"533","SASRIV0001",1.25,15.8,0,"Shrub"
"534","SASRIV0002",5.8,9.3,0,"Shrub"
"535","SATEYB0001",19.9,15.05,22.45,"Tree"
"536","SATEYB0002",6.9,15.5,22.2,"Tree"
"537","SATFLB0001",7,12.35,32.2,"Tree"
"538","SATFLB0002",3.05,47.85,25.85,"Shrub"
"539","SATFLB0003",13.6,13.6,53.55,"Tree"
"540","SATFLB0004",5.1,12.6,16.2,"Tree"
"541","SATFLB0005",9.95,29.45,12.4,"Shrub"
"542","SATFLB0006",3.6,29.6,8.95,"Shrub"
"543","SATFLB0007",1.05,29.35,9.45,"Shrub"
"544","SATFLB0008",30.25,30.05,4.35,"Grass"
"545","SATFLB0009",5.65,42.15,28.9,"Shrub"
"546","SATFLB0010",1.45,14.4,41.3,"Tree"
"547","SATFLB0011",3.85,25.05,39.45,"Tree"
"548","SATFLB0012",3.85,50.65,9.05,"Shrub"
"549","SATFLB0013",11.7,14.8,46.85,"Tree"
"550","SATFLB0014",4.15,26.6,26.65,"Tree"
"551","SATFLB0015",7.55,11.4,65.3,"Tree"
"552","SATFLB0016",2.05,12.5,12.9,"Tree"
"553","SATFLB0017",4.55,15.65,10.15,"Shrub"
"554","SATFLB0018",39.9,2.8,1.75,"Grass"
"555","SATFLB0019",29.25,4.85,2.6,"Grass"
"556","SATFLB0020",2.9,8.65,18.05,"Tree"
"557","SATFLB0021",29.95,4.35,10.2,"Grass"
"558","SATFLB0022",8.7,5.4,22.3,"Tree"
"559","SATFLB0023",4.95,8.65,0.1,"Shrub"
"560","SATFLB0024",6.75,15.1,0.45,"Shrub"
"561","SATFLB0025",1.15,13.5,16.05,"Tree"
"562","SATFLB0026",12.1,7.7,61.6,"Tree"
"563","SATFLB0027",7.1,8.65,57.45,"Tree"
"564","SATFLB0028",33.95,15.55,9.85,"Grass"
"565","SATKAN0001",16.8,14.75,56.75,"Tree"
"566","SATKAN0002",12.25,14.55,59.55,"Tree"
"567","SATKAN0003",4.7,21.25,52.8,"Tree"
"568","SATKAN0004",28.4,12.2,26.2,"Grass"
"569","SATSTP0001",19.45,2.85,0,"Grass"
"570","SATSTP0002",6.2,12.1,3.5,"Shrub"
"571","SATSTP0003",13.5,2.45,0.05,"Grass"
"572","SATSTP0004",10.9,17.65,1.3,"Shrub"
"573","SATSTP0005",13,10.5,0,"Grass"
"574","SATSTP0006",4.85,9.95,7.35,"Shrub"
"575","SATSTP0007",8.25,0,7.85,"Grass"
"576","SATSTP0008",9.95,5.15,0,"Grass"
"577","TCABEL0001",44.5,26.3,0,"Grass"
"578","TCABEL0002",24.5,39.6,0,"Shrub"
"579","TCABEL0003",50,26.4,0,"Grass"
"580","TCATCH0001",5.5,56.4,25.3,"Shrub"
"581","TCATCH0002",38.5,25.7,0,"Grass"
"582","TCATCH0003",46.5,44.7,0,"Grass"
"583","TCATCH0004",7.3,4.6,31.9,"Tree"
"584","TCATCH0005",31.4,0,0,"Grass"
"585","TCATCH0006",44.8,26.4,0,"Grass"
"586","TCATCH0007",5.8,63.9,0,"Shrub"
"587","TCATCH0008",63.1,32.8,0,"Grass"
"588","TCATCH0009",29.5,0,0,"Grass"
"589","TCATCH0010",65.8,7.2,0,"Grass"
"590","TCATCH0011",3.4,1.2,29.2,"Tree"
"591","TCATCH0012",85.9,0,0,"Grass"
"592","TCATNM0001",30.2,7,48.7,"Tree"
"593","TCATNM0002",47.7,0.5,23.4,"Grass"
"594","TCATNM0003",33.1,11.1,25,"Grass"
"595","TCATNM0004",30.6,8,27.2,"Grass"
"596","TCATNM0005",53.5,0.5,3.7,"Grass"
"597","TCATNM0006",75.1,0.1,1.8,"Grass"
"598","VCAAUA0001",58.5,30.3,0,"Grass"
"599","VCAAUA0002",71.5,15.5,0,"Grass"
"600","VCAAUA0003",50.2,20.3,0,"Grass"
"601","VCAAUA0004",25.2,49.7,14.8,"Shrub"
"602","VCAAUA0005",72.3,16.3,0,"Grass"
"603","VCAAUA0006",85.5,6.6,0,"Grass"
"604","VCAAUA0007",78.9,2,0,"Grass"
"605","VCAAUA0008",7.6,46.2,40.5,"Shrub"
"606","VCAAUA0009",20.2,66.2,8.9,"Shrub"
"607","VCAAUA0010",86.3,8.1,0,"Grass"
"608","VCAAUA0011",98.1,0,0,"Grass"
"609","VCAAUA0012",94.2,0.8,0,"Grass"
"610","VCAAUA0013",94.3,2.4,0,"Grass"
"611","VCAAUA0014",79.9,13.3,0,"Grass"
"612","VCAAUA0015",70.4,22.9,1.2,"Grass"
"613","VCAMDD0001",1.2,21,0,"Shrub"
"614","VCAMDD0002",7.6,13.3,9.5,"Shrub"
"615","VCAMDD0003",0.8,11.9,16.2,"Tree"
"616","WAAAVW0001",14.5,33.2,0,"Shrub"
"617","WAAAVW0002",7.4,36.8,0,"Shrub"
"618","WAAAVW0003",2.3,3.8,32.7,"Tree"
"619","WAAAVW0004",2.5,3.6,33.2,"Tree"
"620","WAAAVW0005",3.7,4.1,16.7,"Tree"
"621","WAAAVW0006",22.5,22.3,1.2,"Grass"
"622","WAAAVW0007",0.1,47,0,"Shrub"
"623","WAACAR0001",2.8,20.1,14.2,"Shrub"
"624","WAACAR0002",6,3.5,24.8,"Tree"
"625","WAACAR0003",4,41.6,1.6,"Shrub"
"626","WAACAR0004",7.9,17,0,"Shrub"
"627","WAACEK0001",22.65,1.2,18.35,"Grass"
"628","WAACEK0002",40.8,0.8,1.3,"Grass"
"629","WAACEK0003",58,1.4,6.2,"Grass"
"630","WAACOO0001",0,73.2,1.5,"Shrub"
"631","WAACOO0002",0,1.1,0,"Shrub"
"632","WAACOO0003",0.6,53.8,11.5,"Shrub"
"633","WAACOO0004",0.4,51.6,10.4,"Shrub"
"634","WAACOO0005",38.6,11.8,0,"Grass"
"635","WAACOO0006",0,27.5,23.7,"Shrub"
"636","WAACOO0007",0.2,38.9,14.8,"Shrub"
"637","WAACOO0008",4.4,10.1,26.5,"Tree"
"638","WAACOO0009",17,28.9,0,"Shrub"
"639","WAACOO0010",20.9,6.2,1.2,"Grass"
"640","WAACOO0011",0.2,15.9,5.1,"Shrub"
"641","WAACOO0012",1,13.8,28.7,"Tree"
"642","WAACOO0016",22.9,45.1,1.9,"Shrub"
"643","WAACOO0017",23.7,38.6,9.5,"Shrub"
"644","WAACOO0018",15,59.7,6.6,"Shrub"
"645","WAACOO0019",33.8,39.2,3.2,"Shrub"
"646","WAACOO0020",1.8,11.2,14.8,"Tree"
"647","WAACOO0021",1.1,11.7,11.3,"Shrub"
"648","WAACOO0022",0.2,0.4,41.9,"Tree"
"649","WAACOO0023",1.3,7.7,19.9,"Tree"
"650","WAACOO0024",0,66.7,1.4,"Shrub"
"651","WAACOO0025",13.7,34.6,0,"Shrub"
"652","WAACOO0026",18.1,52.3,1.6,"Shrub"
"653","WAACOO0027",19.9,43.3,1,"Shrub"
"654","WAACOO0028",14.5,44.6,4.2,"Shrub"
"655","WAACOO0029",28.6,51.1,1.5,"Shrub"
"656","WAACOO0030",18,20.2,0,"Shrub"
"657","WAACOO0031",21.4,23.6,0,"Shrub"
"658","WAACOO0032",15.9,24.7,0,"Shrub"
"659","WAADAL0001",40.75,1.7,3.3,"Grass"
"660","WAADAL0002",5,24.9,4.6,"Shrub"
"661","WAADAL0003",19.1,23.7,0,"Shrub"
"662","WAADAL0004",12.7,17.7,22,"Tree"
"663","WAADAL0005",45.5,5.5,25.7,"Grass"
"664","WAAESP0001",6.1,48.7,4.9,"Shrub"
"665","WAAGAS0001",0.7,0.9,3.3,"Tree"
"666","WAAGAS0002",28.1,0.3,4.7,"Grass"
"667","WAAGES0001",8.9,39.65,0.35,"Shrub"
"668","WAAGES0002",4.35,44.7,1.5,"Shrub"
"669","WAAGES0003",12.55,20.15,11.05,"Shrub"
"670","WAAGES0004",8.6,16,18.5,"Tree"
"671","WAAGES0005",14.1,32.5,0,"Shrub"
"672","WAAGSD0001",37.1,3.35,0,"Grass"
"673","WAAGSD0002",6.5,42.7,0,"Shrub"
"674","WAAGSD0003",40.8,2.6,0,"Grass"
"675","WAAGVD0001",3,16.7,6.5,"Shrub"
"676","WAAGVD0007",19.4,4.6,15.8,"Grass"
"677","WAAGVD0008",13.4,5.7,8.7,"Grass"
"678","WAAGVD0009",4.9,17.9,4.8,"Shrub"
"679","WAAGVD0010",13.9,4.6,1.7,"Grass"
"680","WAAGVD0011",6,9.5,1.4,"Shrub"
"681","WAAGVD0012",2,24.2,0.9,"Shrub"
"682","WAAGVD0014",21.9,19.9,4.3,"Grass"
"683","WAAGVD0015",3,21.1,10.9,"Shrub"
"684","WAAGVD0016",4.4,13.5,2.6,"Shrub"
"685","WAAGVD0017",2.3,19.3,0,"Shrub"
"686","WAAHAM0001",11.1,38.1,0,"Shrub"
"687","WAAHAM0002",5,28,0.3,"Shrub"
"688","WAAHAM0003",36.9,2,0,"Grass"
"689","WAAHAM0004",12.3,23.3,0,"Shrub"
"690","WAAHAM0005",6.5,49.9,1,"Shrub"
"691","WAAHAM0006",1.3,6.9,46.4,"Tree"
"692","WAAJAF0001",3.8,37.7,32.4,"Shrub"
"693","WAAJAF0002",10.5,17.5,37.8,"Tree"
"694","WAAJAF0003",9.6,18.5,15.1,"Shrub"
"695","WAALSD0001",24.8,24.85,0.1,"Shrub"
"696","WAALSD0002",22.6,42.1,0,"Shrub"
"697","WAALSD0003",25.25,8.45,0.1,"Grass"
"698","WAALSD0004",2.7,9.1,2.3,"Shrub"
"699","WAAMAL0001",0,32.6,17,"Shrub"
"700","WAAMAL0002",9.5,22.4,6.2,"Shrub"
"701","WAAMAL0003",6.5,38.5,0,"Shrub"
"702","WAAMUR0001",26.2,3.9,9.85,"Grass"
"703","WAAMUR0002",22.15,12,4.2,"Grass"
"704","WAAMUR0003",12.5,16.8,2.1,"Shrub"
"705","WAAMUR0004",17.5,5.2,0.6,"Grass"
"706","WAAMUR0005",20.7,6.9,1.3,"Grass"
"707","WAAMUR0006",3.3,7.5,0.9,"Shrub"
"708","WAAMUR0007",35.8,11.2,3.4,"Grass"
"709","WAAMUR0008",8.2,5,1.7,"Grass"
"710","WAAMUR0028",34.75,5.55,5.4,"Grass"
"711","WAAMUR0029",41.85,7.65,1.85,"Grass"
"712","WAAMUR0030",24.6,8.55,3.8,"Grass"
"713","WAAMUR0031",39.55,9.35,2,"Grass"
"714","WAANOK0001",3.6,9.9,24.3,"Tree"
"715","WAANOK0002",7.7,13.3,16.1,"Tree"
"716","WAANOK0003",23.9,7,22.4,"Grass"
"717","WAANOK0004",70.8,5.2,16.1,"Grass"
"718","WAANOK0005",41.9,8,9.4,"Grass"
"719","WAANOK0006",20.4,12.9,22.7,"Tree"
"720","WAANOK0007",36.2,4.6,10.6,"Grass"
"721","WAANOK0008",52,1.8,23.2,"Grass"
"722","WAANUL0001",6.2,27.5,0,"Shrub"
"723","WAANUL0002",22.9,9.8,0,"Grass"
"724","WAANUL0003",4.8,18.6,9.6,"Shrub"
"725","WAANUL0004",7.7,13.1,5.7,"Shrub"
"726","WAANUL0005",32,9.2,0.7,"Grass"
"727","WAANUL0006",32.3,3.4,0.1,"Grass"
"728","WAANUL0007",18.8,15,0,"Grass"
"729","WAANUL0008",3.8,7.4,0,"Shrub"
"730","WAANUL0009",1.1,18.8,0,"Shrub"
"731","WAAPIL0001",31.15,16.8,8.35,"Grass"
"732","WAAPIL0002",45,6.1,6.1,"Grass"
"733","WAAPIL0003",1.6,0.6,0.8,"Grass"
"734","WAAPIL0004",42.2,0.9,0,"Grass"
"735","WAAPIL0005",7.1,27.7,42.9,"Tree"
"736","WAAPIL0006",25.9,0.2,7,"Grass"
"737","WAAPIL0007",50.2,12.9,0,"Grass"
"738","WAAPIL0008",43.2,0.2,0,"Grass"
"739","WAAPIL0009",35,13.2,2.9,"Grass"
"740","WAAPIL0010",12.1,18.1,4,"Shrub"
"741","WAAPIL0011",4.7,23.8,0.1,"Shrub"
"742","WAAPIL0012",35.25,6.9,4.15,"Grass"
"743","WAAPIL0013",36.25,3.05,5.7,"Grass"
"744","WAAPIL0014",26.4,1.75,20.2,"Grass"
"745","WAAPIL0015",61.7,0,0,"Grass"
"746","WAAPIL0016",23.6,4.2,52.7,"Tree"
"747","WAAPIL0017",28.4,11.75,0.95,"Grass"
"748","WAAPIL0018",47.55,4.4,7.85,"Grass"
"749","WAAPIL0019",10.9,11.55,6.15,"Shrub"
"750","WAAPIL0020",19.7,2.5,0,"Grass"
"751","WAAPIL0021",3.1,18.2,1.5,"Shrub"
"752","WAAPIL0022",12.8,6.9,18.6,"Tree"
"753","WAAPIL0023",20.85,9.75,22.9,"Tree"
"754","WAAPIL0024",10.9,9.7,10.7,"Grass"
"755","WAAPIL0025",15.2,12.55,37.05,"Tree"
"756","WAAPIL0026",9.7,12.3,1.6,"Shrub"
"757","WAAPIL0027",30.3,0.6,0,"Grass"
"758","WAAPIL0028",0.6,20.25,5.05,"Shrub"
"759","WAAPIL0029",15.55,4.3,32.65,"Tree"
"760","WAAPIL0030",42.1,0.8,0,"Grass"
"761","WAAPIL0031",40.4,3.7,8.8,"Grass"
"762","WAAPIL0032",7.4,6,0.4,"Grass"
"763","WAAPIL0033",12.3,11.7,8.4,"Grass"
"764","WAAPIL0034",26.2,10.5,0,"Grass"
"765","WAAPIL0035",35.5,1.5,0.7,"Grass"
"766","WAASWA0001",8.3,24.4,25.2,"Tree"
"767","WAASWA0002",11.1,9.6,44.2,"Tree"
"768","WAASWA0003",20.2,0.9,37.4,"Tree"
"769","WAASWA0004",9,30.7,23.9,"Shrub"
"770","WAAVIB0001",67.5,0,0,"Grass"
"771","WAAVIB0002",23.55,5.5,3,"Grass"
"772","WAAVIB0003",32.2,6.5,20.55,"Grass"
"773","WAAVIB0004",41.6,11.9,16.3,"Grass"
"774","WAAYAL0001",8.8,47.9,0,"Shrub"
"775","WAAYAL0002",3.8,49,0,"Shrub"
"776","WAAYAL0003",10.8,52.7,0,"Shrub"
"777","WAAYAL0004",48.1,27.6,0,"Grass"
"778","WAAYAL0005",16.2,48.8,0,"Shrub"
"779","WAAYAL0006",10.1,18.4,5.2,"Shrub"
"780","WAAYAL0007",10.7,12.7,0,"Shrub"
"781","WAAYAL0008",6.9,31.6,0.3,"Shrub"
"782","WAGCOO0001",0,4.6,24.4,"Tree"
"783","WAGCOO0002",29.5,23.5,0,"Grass"
"784","WAGCOO0004",15.4,21.3,0,"Shrub"
